country_clean;region
Algeria;Africa
Angola;Africa
Benin;Africa
Botswana;Africa
Burkina Faso;Africa
Burundi;Africa
Cabo Verde;Africa
Cameroon;Africa
Central African Republic;Africa
Chad;Africa
Comoros;Africa
Congo;Africa
Côte d'Ivoire;Africa
Democratic Republic of the Congo;Africa
Equatorial Guinea;Africa
Eritrea;Africa
Eswatini;Africa
Ethiopia;Africa
Gabon;Africa
Gambia;Africa
Ghana;Africa
Guinea;Africa
Guinea-Bissau;Africa
Kenya;Africa
Lesotho;Africa
Liberia;Africa
Madagascar;Africa
Malawi;Africa
Mali;Africa
Mauritania;Africa
Mauritius;Africa
Mayotte;Africa
Mozambique;Africa
Namibia;Africa
Niger;Africa
Nigeria;Africa
Rwanda;Africa
Réunion;Africa
Saint Helena, Ascension and Tristan da Cunha;Africa
Sao Tome and Principe;Africa
Senegal;Africa
Seychelles;Africa
Sierra Leone;Africa
South Africa;Africa
South Sudan;Africa
Togo;Africa
Uganda;Africa
United Republic of Tanzania;Africa
Western Sahara;Africa
Zambia;Africa
Zimbabwe;Africa
Anguilla;Americas
Antigua and Barbuda;Americas
Argentina;Americas
Aruba;Americas
Bahamas;Americas
Barbados;Americas
Belize;Americas
Bermuda;Americas
Bolivia (Plurinational State of);Americas
Bonaire, Sint Eustatius and Saba;Americas
Brazil;Americas
British Virgin Islands;Americas
Canada;Americas
Cayman Islands;Americas
Chile;Americas
Colombia;Americas
Costa Rica;Americas
Cuba;Americas
Curaçao;Americas
Dominica;Americas
Dominican Republic;Americas
Ecuador;Americas
El Salvador;Americas
Falkland Islands (Malvinas);Americas
French Guyana;Americas
Greenland;Americas
Grenada;Americas
Guadeloupe;Americas
Guatemala;Americas
Guyana;Americas
Haiti;Americas
Honduras;Americas
Jamaica;Americas
Martinique;Americas
Mexico;Americas
Montserrat;Americas
Netherlands Antilles (former);Americas
Nicaragua;Americas
Panama;Americas
Paraguay;Americas
Peru;Americas
Puerto Rico;Americas
Saint Barthélemy;Americas
Saint Kitts and Nevis;Americas
Saint Lucia;Americas
Saint Pierre and Miquelon;Americas
Saint Vincent and the Grenadines;Americas
Saint-Martin (French part);Americas
Sint Maarten  (Dutch part);Americas
Sint Maarten (Dutch part);Americas
Suriname;Americas
Trinidad and Tobago;Americas
Turks and Caicos Islands;Americas
United States Virgin Islands;Americas
United States of America;Americas
Uruguay;Americas
Venezuela (Bolivarian Republic of);Americas
Afghanistan;Eastern Mediterranean
Bahrain;Eastern Mediterranean
Djibouti;Eastern Mediterranean
Egypt;Eastern Mediterranean
Iran (Islamic Republic of);Eastern Mediterranean
Iraq;Eastern Mediterranean
Jordan;Eastern Mediterranean
Kuwait;Eastern Mediterranean
Lebanon;Eastern Mediterranean
Libya;Eastern Mediterranean
Morocco;Eastern Mediterranean
Oman;Eastern Mediterranean
Pakistan;Eastern Mediterranean
Palestine;Eastern Mediterranean
Qatar;Eastern Mediterranean
Saudi Arabia;Eastern Mediterranean
Somalia;Eastern Mediterranean
Sudan;Eastern Mediterranean
Sudan (former);Eastern Mediterranean
Syrian Arab Republic;Eastern Mediterranean
Tunisia;Eastern Mediterranean
United Arab Emirates;Eastern Mediterranean
Yemen;Eastern Mediterranean
Albania;Europe
Andorra;Europe
Armenia;Europe
Austria;Europe
Azerbaijan;Europe
Belarus;Europe
Belgium;Europe
Bosnia and Herzegovina;Europe
Bulgaria;Europe
Channel Islands;Europe
Croatia;Europe
Cyprus;Europe
Czechia;Europe
Denmark;Europe
Estonia;Europe
Faroe Islands;Europe
Finland;Europe
France;Europe
Georgia;Europe
Germany;Europe
Gibraltar;Europe
Greece;Europe
Holy See;Europe
Hungary;Europe
Iceland;Europe
Ireland;Europe
Isle of Man;Europe
Israel;Europe
Italy;Europe
Kazakhstan;Europe
Kyrgyzstan;Europe
Latvia;Europe
Liechtenstein;Europe
Lithuania;Europe
Luxembourg;Europe
Malta;Europe
Monaco;Europe
Montenegro;Europe
Netherlands;Europe
Norway;Europe
Poland;Europe
Portugal;Europe
Republic of Moldova;Europe
Republic of North Macedonia;Europe
Romania;Europe
Russian Federation;Europe
San Marino;Europe
Serbia;Europe
Serbia and Montenegro;Europe
Slovakia;Europe
Slovenia;Europe
Spain;Europe
Sweden;Europe
Switzerland;Europe
Tajikistan;Europe
Turkey;Europe
Turkmenistan;Europe
Ukraine;Europe
United Kingdom of Great Britain and Northern Ireland;Europe
Uzbekistan;Europe
Bangladesh;South-East Asia
Bhutan;South-East Asia
Democratic People's Republic of Korea;South-East Asia
India;South-East Asia
Indonesia;South-East Asia
Maldives;South-East Asia
Myanmar;South-East Asia
Nepal;South-East Asia
Sri Lanka;South-East Asia
Thailand;South-East Asia
Timor-Leste;South-East Asia
American Samoa;Western Pacific
Australia;Western Pacific
Brunei Darussalam;Western Pacific
Cambodia;Western Pacific
China;Western Pacific
China, Hong Kong SAR;Western Pacific
China, Macao SAR;Western Pacific
China, Taiwan Province of;Western Pacific
China, mainland;Western Pacific
Cook Islands;Western Pacific
Fiji;Western Pacific
French Polynesia;Western Pacific
Guam;Western Pacific
Japan;Western Pacific
Kiribati;Western Pacific
Lao People's Democratic Republic;Western Pacific
Malaysia;Western Pacific
Marshall Islands;Western Pacific
Micronesia (Federated States of);Western Pacific
Mongolia;Western Pacific
Nauru;Western Pacific
New Caledonia;Western Pacific
New Zealand;Western Pacific
Niue;Western Pacific
Northern Mariana Islands;Western Pacific
Palau;Western Pacific
Papua New Guinea;Western Pacific
Philippines;Western Pacific
Republic of Korea;Western Pacific
Samoa;Western Pacific
Singapore;Western Pacific
Solomon Islands;Western Pacific
Tokelau;Western Pacific
Tonga;Western Pacific
Tuvalu;Western Pacific
Vanuatu;Western Pacific
Viet Nam;Western Pacific
Wallis and Futuna Islands;Western Pacific
